Metric,Correlation_with_MP,R_squared
clashscore,0.605466724754681,0.36658995478516065
rama_outliers_pct,0.47954493556514804,0.229963345226182
rotamer_outliers_pct,0.4133637237746157,0.1708695681328168
